{"cameraMode":{"drawMode":0,"name":"Shaded","section":"Shading Mode"},"sceneLighting":true,"audioPlay":false,"sceneViewState":{"m_AlwaysRefresh":false,"showFog":true,"showSkybox":true,"showFlares":true,"showImageEffects":true,"showParticleSystems":true,"showVisualEffectGraphs":true,"m_FxEnabled":true},"in2DMode":false,"pivot":{"x":2.3082499504089357,"y":1.181546926498413,"z":2.5351037979125978},"rotation":{"x":-0.27568596601486208,"y":-0.006635820958763361,"z":0.0019031623378396035,"w":-0.9612244367599487},"size":3.4033265113830568,"orthographic":false}