{"cameraMode":{"drawMode":0,"name":"Shaded","section":"Shading Mode"},"sceneLighting":false,"audioPlay":false,"sceneViewState":{"m_AlwaysRefresh":false,"showFog":true,"showSkybox":false,"showFlares":true,"showImageEffects":true,"showParticleSystems":true,"showVisualEffectGraphs":true,"m_FxEnabled":true},"in2DMode":false,"pivot":{"x":-2.622357130050659,"y":0.6667766571044922,"z":0.16213321685791017},"rotation":{"x":0.3804776072502136,"y":0.0013835218269377947,"z":-0.0005699016037397087,"w":0.9247978925704956},"size":1.1785411834716797,"orthographic":false}